method;CITL;slope;rmse;brier;auc
log_ps;0,080379663;0,213324776;0,269713045;0,072745126;0,839461545
log_mean;0,142868166;0,175310099;0,287568155;0,082695444;0,783849672
log_draw;0,160117639;0,160788701;0,309894333;0,096034498;0,733354218
log_mult;0,158886509;0,167683248;0,295284793;0,087193109;0,767200976
rf_ps;0,077559207;0,282419869;0,2594014;0,067289086;0,868374334
rf_mean;0,150837653;0,252529618;0,291644794;0,085056686;0,813288474
rf_draw;0,198313234;0,217822287;0,312412929;0,097601838;0,786449531
rf_mult;0,198943931;0,21887088;0,306608494;0,094008769;0,797736925
rf_sur;0,07538275;0,257177389;0,260072006;0,067637448;0,870556587
